0,1,2,3,4,5,6,7,8,9,10,11,12,13,14,15,16,17,18,19,20,21,22,23
16.35,15.52,16.38,15.66,14.78,12.98,14.28,15.18,14.08,14.1,13.5,12.5,11.93,11.88,10.63,11.63,13.23,14.02,14.35,13.35,15.37,15.22,15.9,13.78
23.68,24.18,24.46,25.23,22.35,19.68,19.0,18.65,15.93,16.75,20.0,21.62,20.92,19.37,22.34,22.37,22.12,22.92,23.63,23.42,24.75,23.73,25.77,25.6
10.7,10.03,9.23,10.75,9.63,8.68,9.3,9.78,8.83,8.55,6.98,6.57,6.82,7.32,7.07,7.17,7.67,8.0,7.8,8.53,10.05,9.92,9.8,9.85
23.8,25.71,25.32,24.98,23.6,23.54,22.65,22.1,25.57,24.5,24.5,23.27,22.77,22.03,22.62,23.82,24.8,23.27,23.95,22.58,24.82,25.4,25.98,26.18
15.73,16.91,18.14,16.76,16.67,16.38,15.95,14.6,17.9,15.52,16.68,16.2,17.15,15.92,14.53,19.97,15.35,14.76,17.9,17.22,18.31,18.37,19.34,17.49
17.65,16.92,16.73,17.6,17.88,17.39,14.9,14.6,14.3,13.82,14.24,12.63,11.97,11.68,12.27,13.1,15.25,14.34,16.3,15.83,15.6,16.55,17.1,18.52
21.98,23.78,23.37,22.47,22.17,20.85,18.5,17.37,16.12,16.14,15.3,13.75,11.9,13.03,14.65,15.1,15.28,17.22,16.23,16.32,17.03,18.88,22.45,18.82
21.93,20.85,20.88,20.13,19.58,16.98,18.18,17.58,15.72,14.48,15.3,13.55,12.37,12.37,14.37,15.27,18.87,17.44,18.55,18.8,20.95,20.13,22.52,20.2
1.58,1.63,1.3,1.55,1.9,1.64,1.69,1.55,1.77,1.77,1.3,1.6,1.42,1.37,1.7,1.28,1.52,1.46,1.51,1.4,1.62,1.53,1.57,1.42
33.1,34.4,35.83,33.33,35.85,31.61,32.07,28.37,26.5,26.37,24.7,25.57,19.85,20.65,22.75,22.27,21.68,27.2,29.57,27.48,30.32,32.62,35.15,33.0
12.8,12.73,13.9,12.57,12.27,11.14,10.55,14.9,10.55,10.47,11.28,9.95,10.7,11.38,9.77,10.62,11.08,11.12,11.62,12.28,12.48,12.62,13.25,12.83
32.07,31.43,29.32,32.97,30.71,27.88,28.85,27.75,26.3,29.03,27.43,28.45,26.93,28.13,26.42,26.8,28.42,30.32,33.05,34.4,33.78,32.8,30.45,34.87
33.5,38.05,37.09,39.37,40.43,35.81,31.18,27.23,29.35,30.28,26.25,29.98,25.63,26.38,25.63,26.53,32.33,31.93,28.48,28.25,30.5,29.92,34.07,30.92
18.17,18.78,18.95,18.87,17.45,16.81,14.8,14.95,14.07,13.38,12.29,15.46,15.2,14.45,12.89,13.22,13.5,13.9,16.3,17.28,18.39,18.98,19.32,18.67
5.02,4.98,5.63,4.62,4.9,4.63,4.5,4.43,4.63,4.34,4.33,4.45,4.38,4.48,4.62,4.3,4.15,4.63,4.53,4.22,4.67,4.58,4.85,4.45
29.27,29.62,29.9,30.4,28.92,26.9,26.32,26.0,24.17,24.1,23.02,22.28,24.4,23.95,26.18,26.35,25.7,25.97,28.53,28.83,32.19,31.58,33.02,32.42
20.87,23.67,23.38,24.5,23.87,20.19,17.92,23.28,18.98,19.98,17.07,18.5,19.25,18.83,16.57,19.15,17.78,21.24,22.07,19.92,23.53,27.18,23.58,23.95
25.17,30.1,33.02,32.63,32.41,28.85,24.9,27.37,21.98,21.83,22.7,23.9,20.47,24.42,22.55,23.45,25.63,26.47,25.92,26.45,30.6,31.65,30.63,32.12
18.7,18.32,20.28,17.8,17.08,16.07,18.13,16.48,15.52,14.97,14.7,17.4,16.63,14.02,14.48,15.39,18.57,17.53,18.13,21.15,21.62,19.45,21.9,18.1
29.27,29.68,30.24,30.47,31.2,27.42,27.38,27.25,28.63,26.35,25.02,28.35,29.6,29.87,32.69,33.6,33.12,31.86,31.53,30.18,32.42,34.75,32.98,34.8
27.73,33.08,34.4,32.13,29.73,29.59,26.38,22.85,20.42,19.78,20.5,15.75,15.35,22.78,26.85,38.25,24.05,23.71,30.88,29.77,28.63,28.78,25.55,28.87
30.31,30.32,32.03,31.33,29.38,29.76,31.83,27.43,26.25,27.52,26.37,24.18,23.93,25.93,25.03,25.35,27.6,29.41,27.52,27.82,31.03,32.77,35.38,35.15
1.37,1.63,1.52,1.42,1.8,1.59,1.53,1.44,1.57,1.63,1.58,1.57,1.55,1.38,1.42,1.38,1.52,1.58,1.35,1.51,1.48,1.48,1.52,1.6
24.6,25.72,27.05,25.25,23.65,23.76,23.17,21.88,20.65,21.03,18.38,16.6,16.6,16.37,22.63,22.23,25.45,23.44,25.27,25.92,27.37,29.38,25.22,23.8
21.72,20.88,22.47,22.83,21.1,19.56,19.83,18.25,20.2,20.03,19.3,20.12,18.1,18.95,18.95,17.42,18.34,19.2,20.13,21.67,24.37,23.1,20.63,22.0
20.18,21.02,21.15,21.59,22.35,20.86,21.1,18.05,16.02,17.7,18.0,16.38,14.0,14.72,15.98,18.58,17.92,18.95,16.88,15.1,16.93,17.58,18.13,16.15
25.9,24.67,27.12,28.05,26.47,22.31,25.18,23.63,21.87,22.48,18.67,20.3,18.37,18.57,16.17,14.8,16.75,20.14,24.62,25.35,24.53,27.17,22.42,24.58
13.63,13.17,14.48,17.23,15.45,14.07,12.38,11.33,12.73,12.93,11.07,10.58,9.45,8.77,9.2,11.18,11.1,11.98,11.8,12.75,13.62,14.13,14.13,15.69
35.53,37.73,39.13,38.27,36.02,33.71,33.27,31.83,32.08,31.2,29.05,29.85,29.37,31.78,32.1,32.83,32.63,33.51,32.55,32.88,38.93,36.73,38.78,41.4
22.88,24.57,24.83,21.38,21.87,18.42,16.93,15.8,16.2,19.83,14.17,14.08,14.58,17.93,16.87,17.47,18.45,19.71,18.3,21.02,22.03,23.34,21.02,19.8
1.4,1.8,1.42,1.73,1.93,1.85,1.93,1.33,1.56,1.65,1.53,1.43,1.57,1.28,1.28,1.38,1.63,1.32,1.4,1.58,1.56,1.53,1.52,1.47
25.67,26.1,30.47,31.32,31.8,27.14,23.45,25.12,16.5,13.37,13.47,14.63,12.5,12.6,13.03,18.67,21.9,28.68,24.93,24.63,24.68,22.97,22.43,21.92
16.52,18.12,17.57,16.15,15.42,14.41,14.12,14.53,15.88,16.3,13.42,12.95,13.42,13.47,13.8,14.02,16.12,16.53,15.15,15.83,16.65,18.25,17.53,17.68
24.18,26.62,26.73,22.8,22.35,20.81,19.97,21.27,19.78,18.72,17.47,19.72,17.0,17.2,19.08,20.48,18.63,20.03,19.03,16.83,22.77,21.03,17.73,20.88
29.59,31.28,31.81,29.97,28.8,26.83,29.45,26.2,24.62,22.87,22.0,22.15,19.18,23.73,20.48,22.76,26.18,27.51,28.9,31.07,32.18,35.31,32.17,29.94
21.1,23.1,26.73,25.48,22.83,21.68,21.13,14.65,16.67,14.87,11.3,11.3,11.38,10.93,12.1,12.68,14.98,12.36,14.2,13.67,17.35,18.48,20.12,16.48
19.27,20.17,20.88,22.48,21.63,20.31,20.32,18.18,15.37,16.87,16.9,15.88,18.12,14.17,17.27,16.07,16.3,15.98,15.65,17.85,18.83,18.85,19.2,20.39
27.92,29.78,31.78,29.08,29.35,27.53,27.5,29.82,28.07,27.65,27.68,27.3,26.27,24.97,26.97,28.5,29.42,28.32,29.1,26.9,30.27,31.85,31.37,30.32
19.15,18.73,17.17,17.6,15.9,15.78,14.17,14.92,14.18,13.87,14.37,14.35,14.58,13.23,14.13,15.2,13.5,15.25,16.82,16.66,18.72,19.8,19.82,17.67
18.77,18.22,19.25,16.93,17.0,14.12,13.88,17.47,14.0,14.82,11.47,11.92,9.5,9.9,9.92,10.28,15.0,16.98,18.0,16.97,17.25,17.3,19.18,18.77
14.83,14.43,15.55,15.07,13.78,14.24,13.28,12.75,11.57,10.6,11.32,12.87,11.78,11.97,11.73,11.73,11.56,12.46,12.28,12.67,13.05,13.62,16.18,16.25
30.1,30.46,28.7,27.67,27.1,24.85,23.32,25.28,22.32,24.32,20.42,21.52,21.57,21.24,20.9,23.3,24.23,26.72,24.72,26.41,28.85,28.35,30.12,29.25
19.51,19.22,20.93,18.64,18.2,17.27,12.92,13.95,13.38,11.93,11.8,11.08,13.1,11.32,15.65,16.73,16.28,19.14,15.7,15.07,15.87,17.48,18.63,18.64
1.4,1.73,1.3,1.52,1.97,1.73,1.28,1.5,1.43,1.68,1.57,1.5,1.6,1.42,1.5,1.47,1.63,1.64,1.43,1.53,1.4,1.51,1.4,1.52
18.22,20.12,21.83,22.2,19.33,17.88,20.23,14.38,12.19,12.13,11.2,11.53,9.85,10.53,11.72,10.55,11.18,13.42,15.88,15.85,16.27,18.65,19.7,17.83
34.63,30.67,30.87,31.07,29.13,30.31,28.72,28.42,26.98,26.47,27.57,26.97,25.35,24.98,26.4,28.73,32.42,35.42,35.6,32.76,32.53,32.93,32.23,29.52
17.8,19.97,20.12,18.6,18.37,16.81,16.51,18.48,18.55,17.4,18.58,17.6,17.15,16.87,18.18,18.78,19.98,19.58,18.88,18.13,19.78,19.45,19.13,18.95
33.43,33.77,35.87,37.9,34.6,30.91,29.42,28.05,26.53,22.5,22.98,21.92,24.53,21.05,22.47,23.8,24.95,32.47,28.6,29.3,35.52,36.87,37.07,35.45
12.27,12.18,13.65,13.02,13.85,13.54,12.55,12.57,12.17,11.92,13.25,12.62,12.8,10.9,11.48,11.83,12.17,11.95,12.27,12.48,13.05,12.92,14.05,13.83
31.8,36.72,32.2,32.38,33.54,29.02,28.92,30.35,24.38,25.8,24.98,24.66,27.38,27.02,28.52,28.71,33.5,35.63,38.78,39.53,34.71,32.3,41.33,42.42
20.7,20.53,21.0,20.3,22.15,17.83,20.75,20.28,20.13,18.97,19.27,18.86,14.93,17.95,17.68,18.67,19.25,18.63,19.2,18.2,18.43,21.98,20.95,21.38
26.22,32.7,32.81,29.25,30.26,25.81,23.3,23.37,21.88,20.98,19.9,19.2,19.73,18.21,18.41,17.98,24.03,22.34,20.62,21.04,21.21,27.26,19.23,23.65
19.68,18.75,19.75,19.13,19.37,18.07,18.23,17.55,16.6,17.68,17.37,18.03,17.58,16.3,17.33,16.85,17.47,17.2,18.6,17.88,19.83,20.2,20.77,21.2
41.08,38.68,38.67,37.08,38.32,34.42,34.7,39.1,31.39,28.67,28.48,31.6,30.7,27.28,27.2,28.5,32.18,31.34,36.37,42.82,45.93,49.22,42.92,39.33
19.0,18.83,19.62,18.57,18.62,15.63,16.43,16.32,16.3,16.45,15.52,16.18,17.0,16.33,17.65,18.27,18.63,18.24,18.45,19.37,19.1,19.3,19.7,19.83
10.65,10.28,11.0,11.13,11.0,10.75,10.61,10.07,9.42,9.08,9.32,9.3,9.02,8.2,9.28,10.23,10.15,11.34,10.88,10.92,11.05,11.38,11.73,11.88
8.52,8.48,8.69,7.78,6.88,7.19,7.0,6.92,5.75,5.47,5.32,5.18,4.9,5.02,4.66,5.73,6.5,5.31,6.7,7.28,6.7,7.9,6.32,6.03
15.48,15.68,16.72,17.78,16.55,12.29,12.47,11.43,12.83,11.67,11.9,12.63,10.37,11.88,13.18,10.7,12.42,15.15,14.92,14.8,16.58,16.27,18.5,15.57
7.02,7.1,7.32,7.27,6.7,7.05,6.28,6.57,6.38,6.35,6.12,6.75,6.14,6.77,6.55,6.17,6.65,6.81,6.57,6.35,6.12,6.58,6.57,6.57
24.3,20.22,21.77,22.93,27.28,22.49,21.63,19.37,17.57,17.32,16.45,18.34,20.78,19.27,19.67,21.0,22.47,23.41,19.95,19.72,22.3,20.88,20.22,21.78
32.65,32.28,33.53,32.82,32.17,32.25,28.87,26.02,23.1,20.37,21.83,18.2,19.8,17.7,18.95,18.45,19.53,25.83,25.35,28.27,30.93,33.35,33.71,31.4
6.9,6.9,7.1,7.07,7.3,6.25,5.8,5.78,5.9,5.6,5.9,5.72,5.3,6.43,5.28,5.35,5.62,5.66,5.7,5.78,5.97,5.7,5.75,6.33
15.22,15.58,14.98,16.25,16.36,14.41,13.7,11.03,13.2,12.12,10.92,10.82,11.18,11.27,8.95,10.7,12.73,13.14,12.15,13.93,11.73,13.92,16.05,14.35
11.88,13.25,17.15,14.25,15.1,14.93,13.27,11.15,9.67,8.93,8.65,8.73,7.37,9.12,8.22,8.73,8.4,9.19,11.57,10.08,11.13,12.98,13.67,10.65
19.67,20.83,21.35,19.88,21.52,18.32,18.1,21.08,18.03,17.05,18.6,16.02,15.93,16.42,17.17,17.8,19.53,20.97,20.25,19.87,21.75,20.38,21.12,23.18
12.58,13.02,13.7,13.48,13.77,12.34,11.9,12.57,11.88,12.45,10.5,11.17,11.2,11.58,11.72,12.48,14.3,15.22,13.47,13.33,14.98,12.68,13.78,14.57
22.47,24.53,24.7,24.15,22.42,23.83,23.52,23.55,20.6,19.98,19.35,19.27,21.25,22.25,20.43,21.68,24.48,23.73,24.57,24.98,26.15,26.83,24.7,24.46
15.38,14.18,17.32,18.15,15.22,15.73,16.43,15.53,11.95,12.03,11.15,12.05,11.85,11.7,11.95,11.13,13.77,14.81,18.73,13.1,13.55,13.23,14.29,13.43
19.17,20.85,20.75,17.57,18.33,18.17,16.77,17.1,16.75,16.39,18.53,15.98,15.92,17.32,18.0,19.38,20.1,19.25,18.72,16.88,20.47,18.8,16.63,15.53
30.48,30.55,31.48,29.72,29.42,28.81,25.18,26.57,28.02,25.75,25.95,24.92,28.92,27.3,28.62,28.92,30.23,30.66,30.13,30.53,33.78,30.78,30.22,31.18
17.32,17.12,18.4,18.73,16.67,16.85,16.28,13.42,11.15,11.77,11.37,9.62,8.5,9.3,10.47,12.23,13.4,12.14,13.18,12.59,13.42,14.07,15.92,14.52
28.58,27.08,30.37,27.15,29.25,24.67,25.63,25.25,24.6,24.33,25.58,25.1,26.12,24.25,25.02,27.9,28.42,28.47,28.77,27.72,30.62,31.23,30.75,29.43
16.77,15.8,16.0,15.28,15.65,15.1,14.25,13.72,13.12,13.22,12.52,13.53,13.38,13.22,12.88,13.03,14.3,13.46,13.47,15.18,16.37,17.32,18.45,17.98
14.47,14.62,15.15,15.18,15.35,15.08,15.75,13.48,13.63,14.08,13.13,13.05,10.78,12.4,11.9,11.83,14.52,12.56,13.62,14.5,14.08,14.17,15.95,15.77
16.78,20.1,23.27,21.78,24.57,20.92,18.38,21.83,16.66,15.77,14.7,13.48,22.38,31.57,33.37,34.32,33.12,39.69,44.77,32.88,31.14,18.53,15.05,18.18
14.67,14.32,15.93,15.43,14.67,13.25,12.45,13.37,13.55,13.57,13.3,13.13,14.3,13.5,12.23,13.13,13.35,12.1,13.47,13.24,14.68,15.35,16.53,17.52
29.0,26.87,26.97,27.72,26.77,24.27,23.77,24.78,23.31,23.63,23.98,23.73,25.97,25.02,25.05,23.63,24.53,26.47,25.68,28.5,28.07,28.1,26.43,29.48
10.12,8.47,9.65,10.77,9.37,8.75,8.88,8.25,8.33,7.75,8.61,7.9,7.77,7.32,7.4,7.75,8.52,9.36,8.37,8.47,8.08,8.43,8.53,8.67
10.6,11.8,13.67,12.48,12.5,10.24,10.27,8.23,7.95,7.42,8.18,6.93,6.3,5.75,7.45,8.2,7.53,8.54,9.12,8.87,9.2,9.98,13.7,10.87
19.37,20.53,22.36,24.15,21.37,19.81,18.48,18.5,16.93,16.83,14.75,15.28,15.43,14.7,14.58,16.23,15.35,15.85,18.32,19.03,17.67,19.37,24.17,23.93
18.05,17.12,17.25,18.23,17.87,17.27,16.22,17.18,17.62,17.17,15.18,15.1,14.67,14.54,13.68,14.68,16.1,16.36,16.62,17.62,20.23,19.88,18.68,20.22
10.73,13.33,14.27,13.55,13.0,11.75,12.23,12.03,11.2,11.0,10.93,9.93,11.56,10.82,11.38,12.8,13.25,13.05,13.45,13.88,13.75,14.12,15.3,14.15
9.02,11.2,11.88,12.08,10.35,11.05,10.13,10.47,9.97,9.65,8.88,9.27,8.37,8.52,8.47,9.2,8.9,10.05,9.22,9.33,9.97,11.1,11.75,11.17
21.95,22.22,20.88,21.89,21.08,18.0,17.52,16.68,18.65,16.85,17.98,22.83,25.4,24.25,19.23,15.1,16.98,18.76,23.57,29.55,32.17,27.68,20.82,22.98
14.8,15.52,16.32,16.27,14.82,13.39,13.37,13.15,15.2,13.8,13.13,13.8,12.48,12.47,11.75,12.78,14.25,13.24,13.67,12.9,14.42,16.42,13.52,14.02
17.87,19.68,20.77,19.8,19.45,17.66,17.6,16.76,17.43,17.63,14.98,17.62,16.3,15.15,14.67,15.57,15.03,17.47,17.13,15.68,18.25,18.77,17.37,18.12
1.3,1.23,1.62,1.32,1.2,1.29,1.65,1.5,1.23,1.33,1.68,1.42,1.47,1.58,1.48,1.48,1.35,1.52,1.62,1.43,1.48,1.5,1.47,1.23
1.48,1.55,1.57,1.68,1.8,1.47,1.42,1.88,1.6,1.37,1.67,1.25,1.33,1.49,1.43,1.57,1.63,1.44,1.48,1.5,1.38,1.43,1.63,1.42
37.75,36.98,40.88,44.81,39.78,39.68,33.6,28.63,28.72,28.65,27.48,26.92,24.22,24.95,25.72,29.95,29.05,25.53,28.57,31.5,28.78,29.58,33.38,29.78
20.08,19.0,20.8,21.32,18.05,16.42,14.57,14.97,14.15,14.75,14.37,15.75,15.02,14.87,15.63,15.78,13.92,16.59,15.52,16.25,15.58,16.23,18.57,17.13
18.97,19.93,19.87,20.57,20.45,18.92,17.18,16.53,17.13,17.0,16.0,15.37,15.18,13.82,15.37,17.82,19.6,21.42,17.4,17.32,19.37,18.38,18.37,17.18
27.77,26.17,26.57,26.98,26.18,24.56,22.42,23.02,24.92,24.08,22.55,22.83,23.08,19.03,19.6,18.9,20.37,19.31,28.07,25.0,28.47,27.97,26.0,27.5
27.85,26.82,29.17,29.27,26.73,25.97,23.43,22.93,23.68,20.47,18.77,17.8,21.27,22.5,18.67,18.23,22.15,23.0,22.85,27.44,29.88,27.58,26.33,25.08
13.33,14.67,13.13,14.08,15.68,13.49,11.44,12.85,12.58,12.98,13.12,12.42,11.33,12.25,11.22,13.18,14.3,13.56,13.1,13.67,13.35,12.95,14.18,16.09
18.0,18.72,17.97,18.28,16.95,16.6,16.25,17.15,15.77,16.03,15.87,14.18,15.73,13.13,13.35,13.75,16.92,18.34,20.03,18.62,18.17,17.48,16.72,16.4
1.45,1.6,1.6,1.53,1.71,1.68,1.72,1.68,1.48,1.72,1.75,1.63,1.38,1.57,1.58,1.57,1.44,1.73,1.42,1.53,1.6,1.62,1.55,1.37
14.22,13.73,12.43,13.37,13.17,12.98,12.55,11.92,12.13,12.0,11.28,10.88,10.02,9.67,10.45,10.47,10.4,11.0,12.63,10.77,9.95,10.7,12.9,13.58
24.08,23.8,25.53,23.33,26.47,21.75,20.72,21.43,23.07,24.18,23.22,23.63,22.07,23.25,23.5,23.13,22.75,24.95,26.22,25.4,26.05,29.22,29.2,26.67
25.17,23.98,24.65,25.12,23.75,23.34,22.97,23.05,22.22,21.1,23.33,24.1,20.9,20.58,20.62,21.67,22.08,28.34,28.15,26.15,26.17,25.57,24.67,25.75
21.22,22.5,22.33,22.85,20.82,18.49,18.98,17.72,20.57,19.15,16.65,14.78,14.93,15.03,16.47,15.85,16.83,17.68,17.87,18.68,18.82,22.78,22.47,22.98
1.6,1.52,1.53,1.33,1.6,1.59,1.52,1.52,1.48,1.53,1.49,1.5,1.43,1.47,1.45,1.47,1.62,1.42,1.53,1.55,1.55,1.48,1.47,1.47
33.25,35.45,36.8,36.97,35.43,34.07,30.62,31.23,24.35,26.31,23.18,21.28,21.47,22.2,21.67,22.32,23.57,23.98,23.85,26.72,31.27,30.05,28.23,32.25
1.5,1.63,1.58,1.23,1.68,1.17,1.68,1.72,1.19,1.47,1.68,1.45,1.5,1.38,1.38,1.68,1.4,1.69,1.38,1.73,1.41,1.4,1.43,1.4
25.2,24.43,25.57,24.8,21.28,22.63,21.4,18.1,19.53,16.03,14.73,14.68,13.9,15.2,15.13,17.72,18.03,26.8,25.73,23.37,26.47,29.02,27.28,26.88
24.42,22.47,24.72,24.73,23.07,21.51,19.29,20.37,19.52,18.35,20.5,20.05,21.58,18.98,19.4,19.85,19.72,21.88,23.05,20.97,22.53,24.1,28.72,25.57
44.63,48.48,47.92,51.13,49.13,49.26,45.93,40.63,40.57,34.6,39.45,43.15,37.67,30.23,28.25,31.15,33.6,37.05,36.5,33.97,38.12,44.4,43.72,41.93
24.08,25.2,27.22,26.05,26.02,24.68,21.7,22.77,22.65,21.97,21.23,21.08,18.57,21.42,19.17,20.37,25.08,25.92,27.7,27.23,29.15,24.87,24.7,27.42
25.12,25.62,26.67,27.27,23.93,24.61,23.1,22.77,22.98,22.83,20.97,20.37,21.48,21.6,21.58,19.63,23.02,26.68,24.5,27.53,29.57,27.12,29.07,30.03
1.4,1.37,1.63,1.55,1.33,1.51,1.77,1.38,1.47,1.8,1.47,1.5,1.43,1.51,1.45,1.55,1.55,1.51,1.75,1.42,1.53,1.48,1.48,1.38
10.25,9.62,9.6,11.03,9.5,8.27,8.4,8.3,7.95,8.02,8.2,6.8,7.44,7.83,8.38,7.55,8.05,8.81,8.35,9.13,8.87,8.97,7.52,8.43
17.78,19.57,19.1,18.33,17.62,15.32,16.23,15.8,16.07,14.48,13.15,13.95,12.37,13.08,12.83,14.68,15.62,15.97,16.07,15.52,18.9,17.72,18.27,18.18
1.53,1.55,1.45,1.53,1.5,1.78,1.1,1.17,1.75,1.37,1.35,1.55,1.57,1.53,1.58,1.63,1.55,1.56,1.4,1.5,1.68,1.39,1.37,1.25
27.8,28.52,26.39,30.15,28.83,26.42,24.13,23.67,22.66,23.8,23.1,22.78,23.27,23.03,24.48,22.25,25.63,27.98,27.6,28.95,29.19,28.43,23.83,29.27
1.35,1.7,1.22,1.73,1.88,1.2,1.33,1.54,1.22,1.65,1.72,1.57,1.33,1.48,1.53,1.3,1.53,1.53,1.52,1.39,1.55,1.4,1.4,1.45
1.65,1.53,1.67,1.45,1.47,1.31,1.53,1.47,1.52,1.63,1.5,1.52,1.3,1.47,1.48,1.52,1.57,1.66,1.36,1.4,1.4,1.55,1.52,1.48
36.7,39.92,40.75,39.77,37.29,37.47,33.57,27.78,30.9,31.28,25.58,25.33,23.88,23.72,24.9,25.52,25.44,28.58,33.63,37.7,42.03,39.23,39.27,36.63
14.92,15.13,15.83,14.29,14.35,13.83,12.83,12.63,10.23,9.98,10.37,10.12,9.98,10.37,11.2,11.56,13.12,14.03,14.5,15.27,16.58,15.33,15.85,15.63
23.45,22.85,24.59,22.83,22.87,21.15,19.03,21.3,22.25,20.05,20.45,19.69,20.13,19.9,21.56,22.07,23.78,23.05,23.82,22.43,26.55,24.28,23.67,24.9
17.95,18.33,18.08,20.97,19.2,16.37,16.12,17.12,18.32,18.35,16.27,16.77,15.76,14.61,15.57,17.22,17.27,16.97,16.88,17.9,19.88,20.68,18.85,18.22
17.0,17.95,19.23,22.47,26.33,23.51,21.85,23.65,24.55,21.56,22.83,19.57,18.1,17.47,16.82,17.25,18.38,19.41,21.8,20.12,20.73,18.11,18.35,17.8
1.72,1.48,1.7,1.25,1.28,1.63,1.3,1.48,1.73,1.35,1.7,1.38,1.65,1.3,1.35,1.97,1.65,1.32,1.53,1.7,1.31,1.45,1.37,1.27
10.63,10.48,11.43,10.88,10.98,10.59,10.6,10.29,9.98,10.27,10.27,10.3,10.6,9.88,9.53,8.35,7.98,8.58,8.05,8.19,7.82,10.67,10.62,11.13
35.93,32.33,35.53,34.37,33.22,32.48,29.28,28.68,27.33,29.0,26.2,27.05,23.37,25.88,25.35,26.13,27.35,28.0,28.67,30.58,28.88,31.75,31.08,37.25
19.47,19.22,20.95,21.87,20.08,18.85,16.7,16.7,17.73,15.83,13.7,16.25,15.38,15.38,16.07,16.58,17.15,20.31,18.95,19.17,18.05,19.4,20.12,21.23
23.83,24.18,24.72,25.52,23.64,23.2,21.37,19.35,19.05,16.7,17.07,16.7,17.52,15.45,17.05,15.4,18.12,18.63,19.93,19.43,18.82,20.42,20.98,27.17
8.4,8.48,8.93,9.47,9.88,9.58,7.85,7.03,7.3,6.55,7.28,11.6,24.98,23.8,25.81,25.08,25.95,28.25,28.08,29.18,31.68,21.68,7.95,9.1
12.61,12.52,13.22,13.1,13.0,11.64,11.02,9.98,8.87,9.52,8.98,8.05,7.8,7.33,7.82,7.72,8.08,8.46,9.07,10.1,10.42,9.77,10.67,11.87
21.53,23.45,19.68,21.59,20.03,19.76,16.77,16.78,15.55,12.63,11.7,12.2,12.27,13.05,15.2,18.15,17.0,24.76,23.0,19.83,22.18,21.03,30.95,25.62
14.45,14.02,14.12,14.57,14.37,14.27,13.65,13.43,13.33,12.37,10.98,12.02,12.05,11.6,12.27,12.27,12.07,11.59,13.48,13.92,14.23,13.9,13.83,13.7
15.66,16.05,17.6,16.5,16.52,15.08,16.1,15.45,15.38,15.47,14.8,16.9,18.63,18.48,19.18,18.75,18.55,19.39,16.83,15.38,16.7,14.72,17.9,15.12
1.55,1.47,1.53,1.47,1.22,1.66,1.3,1.27,1.3,1.18,1.5,1.49,1.67,1.45,1.85,1.52,1.48,1.42,1.7,1.47,1.6,1.38,1.53,1.59
1.45,1.38,1.5,1.53,1.47,1.32,1.32,1.4,1.63,1.57,1.53,1.7,1.35,1.92,1.42,1.58,1.47,1.42,1.58,1.5,1.33,1.55,1.51,1.52
1.55,1.4,1.55,1.45,1.5,1.58,1.68,1.57,1.53,1.62,1.63,1.47,1.45,1.67,1.55,1.6,1.38,1.69,1.51,1.38,1.4,1.43,1.48,1.42
26.7,27.42,29.55,28.67,27.6,27.0,25.07,23.32,21.67,20.82,20.3,22.68,23.13,21.15,19.67,20.47,23.68,25.09,24.81,25.63,25.35,29.05,26.7,32.43
7.18,6.87,7.08,6.82,6.95,7.2,6.87,6.97,6.97,6.95,7.17,6.98,7.03,7.08,7.2,7.22,6.9,8.17,6.38,6.48,6.88,6.87,6.95,7.07
1.48,1.53,1.43,1.64,1.22,1.17,1.57,1.55,1.55,1.57,1.35,1.43,1.58,1.63,1.38,1.36,1.35,1.39,1.43,1.43,1.47,1.52,1.57,1.38
1.61,1.62,1.43,1.32,1.47,1.69,1.37,1.72,1.85,1.78,1.42,1.43,1.46,1.8,1.48,1.83,1.52,1.47,1.62,1.75,1.5,1.47,1.52,1.37
11.7,12.28,12.18,13.0,12.88,12.07,10.32,9.2,9.88,10.08,8.25,8.42,7.93,6.73,8.17,7.27,6.65,7.17,8.3,8.72,8.73,8.48,8.64,11.18
26.07,28.05,29.25,28.18,29.33,26.46,25.23,28.9,34.41,23.72,27.2,32.18,29.63,26.48,26.45,28.95,30.28,29.85,28.1,26.52,30.19,27.97,26.57,26.53
14.33,13.38,14.47,14.98,14.43,14.22,12.12,13.62,11.68,11.7,11.62,11.35,11.28,12.18,12.93,13.8,13.53,13.12,13.93,15.05,14.25,15.32,13.93,14.7
15.23,15.3,17.32,15.33,16.32,14.29,14.27,13.33,12.78,13.35,12.43,12.05,11.02,9.53,10.33,9.75,11.05,12.91,12.42,12.9,13.2,12.32,12.5,11.42
34.55,36.87,36.25,37.05,38.53,33.2,33.33,34.33,31.85,33.28,32.1,28.38,27.93,29.15,30.17,31.25,32.69,32.44,32.68,34.53,35.27,33.35,39.1,41.67
25.12,27.1,31.03,30.58,29.88,29.59,24.48,24.4,24.02,24.65,23.13,19.1,20.25,20.33,21.0,21.85,21.23,21.49,25.95,27.8,28.27,30.3,30.27,33.39
29.44,30.05,31.45,30.08,28.4,28.47,28.62,29.9,29.88,28.03,29.23,27.95,28.76,27.95,24.83,23.93,23.47,25.34,22.37,22.18,26.53,28.37,28.67,28.65
7.8,8.22,8.51,8.68,8.35,8.14,8.17,7.83,8.02,7.87,7.97,8.1,7.7,7.98,7.64,7.95,8.17,7.95,8.3,8.23,8.05,7.89,7.92,8.0
26.4,24.37,27.93,25.63,25.25,22.14,25.25,22.6,20.37,18.93,14.34,19.95,15.52,15.6,19.68,19.57,25.07,25.97,24.8,29.03,25.97,26.43,20.39,22.3
34.88,35.05,37.18,36.38,35.87,32.47,35.35,33.57,33.39,32.47,32.52,33.83,31.97,31.67,30.62,32.85,33.03,31.92,34.63,32.23,35.44,33.95,33.67,34.45
30.72,29.97,33.3,30.03,30.57,30.19,28.32,31.29,27.15,23.47,22.22,25.33,24.62,22.9,25.83,30.67,34.15,34.15,34.58,32.46,34.03,34.68,29.12,28.33
40.25,42.73,44.83,42.92,43.55,43.17,41.54,40.35,40.4,37.57,37.27,32.83,31.53,33.0,33.85,35.53,36.53,36.42,35.27,39.68,41.35,40.63,42.37,44.25
45.73,46.98,49.85,45.4,41.27,40.81,41.68,37.7,33.9,31.53,33.33,37.18,29.15,33.65,27.4,33.98,36.18,42.33,38.48,42.82,49.28,44.78,51.52,46.77
21.73,21.78,23.05,20.47,20.33,16.68,16.37,18.53,16.23,13.05,11.87,11.27,11.93,11.23,15.73,15.75,17.27,15.56,17.63,20.38,19.45,18.27,15.77,18.03
82.82,93.3,109.15,103.22,112.14,101.32,100.68,83.8,76.08,75.15,66.65,66.3,67.05,63.55,62.17,64.42,65.35,76.48,73.46,81.0,98.87,106.13,91.28,89.31
58.58,54.42,67.33,60.77,63.57,56.05,55.97,57.9,56.13,48.43,43.68,44.88,43.7,42.42,43.58,51.27,48.35,50.29,52.02,56.0,59.63,60.08,63.43,65.03
23.95,25.6,25.8,25.07,23.33,23.34,19.43,21.64,17.93,18.3,15.26,16.61,15.31,16.27,17.78,16.45,19.61,24.69,24.0,22.68,23.18,22.42,17.33,16.47
41.7,42.8,44.62,44.55,44.07,42.32,43.33,35.98,36.73,32.43,32.88,29.56,28.87,27.28,26.93,30.52,33.97,36.27,39.47,39.82,43.73,43.82,43.72,45.98
19.38,23.25,25.63,17.33,17.6,17.15,16.1,15.05,14.27,15.86,12.68,12.55,12.53,15.87,17.77,14.28,20.27,19.97,25.45,24.53,23.53,22.34,18.97,17.48
25.87,29.25,28.08,26.78,23.62,24.58,23.77,19.78,17.29,15.32,17.7,17.65,17.02,17.52,17.58,19.08,19.65,21.81,28.05,28.33,26.88,23.65,21.33,23.68
47.97,48.95,46.53,51.7,51.98,50.2,48.15,50.41,39.47,44.17,37.05,41.2,34.9,35.92,40.83,40.68,42.15,42.73,41.32,43.61,40.68,45.47,49.73,46.57
11.53,11.75,11.6,12.75,11.67,9.66,9.5,9.6,7.0,6.53,7.88,8.23,7.58,7.98,8.08,8.83,10.15,10.0,7.77,7.78,9.47,9.43,10.95,10.58
20.41,22.03,19.48,21.02,20.05,19.05,18.0,16.85,17.05,17.35,16.8,16.85,16.0,15.1,14.92,15.98,14.52,15.59,15.75,17.08,18.75,17.97,20.55,22.17
28.63,30.53,30.97,29.03,29.7,28.49,22.68,25.03,22.15,22.03,20.2,21.42,22.35,22.98,23.28,27.47,23.83,26.97,26.47,28.42,29.95,28.0,26.8,28.73
17.27,16.82,16.3,16.4,16.38,15.83,15.82,15.7,16.47,16.75,17.02,16.17,15.2,15.03,15.88,15.97,15.47,15.42,16.47,16.25,17.22,17.82,18.81,17.63
12.13,13.57,15.25,12.95,14.52,12.73,11.43,10.73,11.55,11.22,11.6,9.67,8.48,8.05,10.03,10.27,10.18,10.25,10.58,10.6,10.62,10.0,9.83,11.67
16.48,16.1,21.58,24.08,21.28,28.8,17.15,20.0,17.5,16.73,14.43,14.23,13.22,12.4,11.75,11.95,13.17,14.54,14.3,14.97,18.4,17.58,15.37,31.3
51.42,52.3,55.67,53.1,48.98,36.08,31.66,29.13,29.67,30.52,26.62,28.9,26.35,25.47,25.35,28.18,35.37,31.41,29.97,29.1,34.93,37.45,37.67,34.22
15.38,17.5,16.75,16.5,16.17,13.55,13.15,12.37,12.78,12.43,12.5,11.75,11.72,11.25,15.6,16.63,17.32,16.98,16.9,15.9,13.7,13.97,12.87,12.53
14.5,15.17,15.1,15.45,15.44,12.31,12.22,12.58,11.75,11.27,13.65,10.95,9.4,9.8,9.27,8.78,10.05,10.27,10.15,10.45,8.98,10.58,13.33,14.53
19.24,18.4,19.53,19.63,18.82,16.66,16.95,16.63,15.8,15.6,16.82,16.13,14.15,14.67,14.33,14.92,16.15,16.56,14.6,16.08,16.27,16.97,15.48,15.9
24.03,22.8,30.05,29.27,26.82,20.73,22.9,24.15,19.72,17.82,17.78,21.24,13.58,12.97,10.65,13.57,15.7,13.59,14.12,11.48,15.48,20.2,18.48,19.76
24.23,25.6,26.3,30.82,27.73,22.39,18.82,20.37,16.9,15.47,16.77,18.0,15.6,16.77,18.7,21.42,20.8,22.02,22.17,23.77,22.24,22.78,22.43,24.9
41.6,42.6,44.82,44.6,43.57,34.95,34.47,31.73,32.33,30.55,33.37,31.27,31.83,30.77,26.35,26.4,29.42,27.08,29.27,29.83,32.38,34.4,44.0,43.33
10.23,11.47,12.52,14.93,13.65,11.9,10.48,9.05,7.47,7.75,7.48,9.2,14.52,20.87,21.32,23.33,22.3,22.72,23.38,20.07,15.42,11.88,11.68,8.35
41.62,43.38,41.76,41.92,43.33,37.68,35.98,33.05,32.48,34.03,30.83,32.35,29.97,30.87,29.51,29.82,29.03,34.03,31.03,35.67,35.37,36.83,41.42,39.75
22.17,24.64,25.67,23.77,21.88,20.39,17.23,17.52,20.78,20.27,18.67,17.98,18.87,18.36,17.72,19.08,17.2,17.86,19.28,17.32,19.65,23.08,22.07,22.75
20.78,21.5,21.03,20.22,19.62,18.98,17.22,17.67,15.38,12.98,14.6,12.05,13.02,14.7,17.42,21.05,17.78,17.83,18.07,20.3,23.07,21.52,22.82,20.65
39.93,41.22,45.27,43.13,42.57,36.78,38.52,31.62,25.55,28.25,26.32,19.15,18.38,16.18,17.03,17.03,22.23,27.73,20.13,20.53,25.27,35.93,32.98,30.67
29.95,31.7,34.0,31.6,29.22,23.59,24.6,25.02,23.86,28.27,26.0,21.5,22.67,24.47,24.82,27.62,29.05,25.78,31.17,31.55,34.75,38.33,33.63,31.18
28.47,31.4,35.97,33.45,31.52,30.53,29.25,24.36,22.5,21.38,18.47,18.97,20.48,17.28,17.4,20.3,19.22,18.51,19.45,18.51,19.1,21.23,23.6,28.13
25.72,28.38,27.45,27.72,26.75,24.66,24.47,22.62,16.85,19.05,17.15,12.18,12.03,15.03,12.98,14.15,17.0,20.64,16.77,17.95,22.83,24.73,24.8,22.02
46.0,45.22,46.88,47.32,46.02,40.69,36.2,33.98,35.9,31.33,34.57,48.6,35.44,31.45,31.39,33.77,37.9,35.07,34.45,37.7,39.58,42.38,50.12,47.93
14.07,16.07,16.53,16.9,18.33,14.37,11.2,10.23,10.98,9.0,8.37,7.75,7.17,6.83,7.15,9.02,8.52,9.63,9.1,8.82,9.61,9.25,11.2,10.2
18.68,20.42,21.98,21.47,20.43,17.97,17.42,17.8,17.77,16.57,19.03,19.5,17.65,17.53,17.92,17.83,16.67,18.81,17.92,17.4,17.97,20.27,21.92,23.43
30.72,31.38,35.17,33.6,29.0,26.14,25.0,22.86,20.2,18.28,18.15,20.32,18.23,19.37,21.92,22.17,25.92,27.73,25.45,24.88,30.87,30.88,31.67,30.05
43.12,47.72,52.28,53.87,52.68,43.48,39.45,39.23,33.75,29.28,31.18,29.25,32.88,34.78,33.88,35.27,35.17,39.24,41.38,42.45,45.75,47.5,49.58,49.5
29.05,29.23,29.97,29.75,28.15,25.44,23.5,21.63,19.9,18.48,18.23,18.5,19.68,20.67,21.82,22.42,24.92,24.63,25.15,25.4,26.58,27.7,32.05,31.03
10.95,11.93,12.58,13.03,11.62,10.29,9.15,9.08,8.39,8.07,8.22,6.93,8.53,7.37,7.32,7.71,7.25,9.19,6.87,8.95,9.72,10.1,12.2,9.7
35.58,37.2,43.19,40.54,42.7,34.42,31.53,32.82,27.73,27.07,27.33,30.27,30.08,28.08,29.59,28.87,32.2,33.92,36.2,30.72,35.58,35.45,31.67,32.95
17.6,19.47,21.32,21.28,19.88,18.58,16.68,15.9,16.67,17.25,14.4,15.38,17.13,13.53,12.93,12.7,12.68,14.41,11.95,12.33,12.35,14.25,17.83,19.53
26.6,26.47,29.0,29.17,24.82,22.88,23.87,24.97,21.1,19.85,21.72,19.47,18.05,18.48,20.03,20.83,21.5,20.54,20.33,23.3,23.32,21.7,25.8,21.67
22.25,24.23,24.82,24.22,21.43,24.66,24.07,21.38,17.78,15.75,16.43,17.08,15.66,11.78,11.83,15.42,15.95,13.68,12.9,14.25,15.98,15.98,17.05,13.83
35.53,34.52,35.58,36.28,35.5,35.17,35.1,35.2,34.0,34.08,33.22,34.35,28.45,27.97,35.28,32.7,29.55,32.46,35.17,34.08,33.78,34.08,34.81,34.37
12.4,15.6,14.18,14.3,13.02,12.29,11.6,11.47,12.78,11.2,11.07,11.77,11.2,10.87,11.33,11.62,11.08,10.78,11.4,11.42,11.02,11.76,12.3,12.63
37.48,37.48,37.08,39.3,39.22,35.27,31.29,32.62,33.53,30.35,28.45,30.15,29.98,27.92,28.75,29.85,29.78,30.36,34.42,32.42,35.65,40.4,43.18,43.07
45.05,44.12,48.27,46.77,37.97,39.68,41.83,38.27,34.08,29.73,25.72,29.5,27.05,27.83,27.07,30.12,34.27,33.86,39.53,37.22,42.33,38.78,41.68,39.22
24.27,27.97,27.57,26.6,26.45,24.08,20.37,19.68,19.33,18.3,17.83,17.8,20.8,20.05,20.83,21.42,22.1,22.98,21.47,20.97,23.95,22.05,23.87,23.35
19.32,18.1,17.28,18.02,17.9,16.12,15.93,15.03,14.42,14.97,15.12,14.18,12.55,12.93,13.53,13.77,13.9,12.39,14.02,15.35,13.97,16.5,16.0,18.05
14.7,14.68,13.87,14.35,15.95,12.8,11.45,10.39,11.95,10.95,9.72,9.0,9.58,7.93,9.45,9.15,9.28,9.51,10.78,12.92,14.45,14.48,14.2,16.65
48.7,39.27,42.58,38.52,38.35,36.91,39.68,33.13,30.65,26.92,25.52,20.75,27.88,21.05,16.22,17.85,19.47,18.83,18.83,18.15,17.92,22.52,29.32,29.23
23.82,22.22,23.78,23.45,23.1,22.78,21.4,18.52,19.6,20.27,20.63,26.42,25.57,23.08,23.02,24.37,21.78,21.59,24.28,26.22,28.45,29.37,29.4,25.72
18.58,18.38,22.05,21.03,18.28,17.56,16.73,14.57,14.17,11.95,12.7,14.37,14.1,13.87,13.61,14.47,14.37,16.08,16.85,18.07,20.97,20.65,20.58,21.78
32.22,33.39,33.63,31.42,30.92,32.8,29.07,31.2,28.9,33.17,24.7,27.68,27.43,22.08,26.3,31.58,34.88,37.12,33.55,34.9,35.85,37.32,33.48,28.75
26.3,27.42,27.68,28.02,27.7,25.02,23.13,22.25,21.6,20.29,18.23,19.25,16.38,17.37,17.08,16.27,19.28,20.73,21.15,24.48,25.02,26.83,28.67,31.0
44.67,45.13,51.58,44.32,44.2,41.81,42.92,47.88,38.68,35.77,31.93,31.2,30.52,40.02,56.8,42.93,46.32,41.08,38.2,40.27,51.98,57.78,47.15,42.35
19.1,19.93,18.72,18.48,16.95,14.56,11.85,13.47,15.17,13.75,13.77,12.27,12.75,14.07,15.58,16.42,16.8,16.46,13.9,15.17,14.82,14.57,14.1,16.88
40.63,37.87,40.6,44.72,39.22,40.1,34.46,32.0,25.15,22.77,20.23,20.05,17.92,17.55,16.78,18.07,17.75,19.83,22.47,30.05,36.18,38.13,36.35,36.73
19.48,19.57,17.97,16.39,15.93,14.31,14.27,13.9,13.47,14.65,12.07,13.18,14.15,11.18,11.47,11.0,16.13,15.8,14.1,13.4,13.8,16.53,15.28,16.3
39.47,36.38,37.8,37.7,35.48,32.59,33.72,29.75,33.4,31.58,31.9,29.97,31.22,34.7,35.93,35.92,39.0,46.14,39.52,44.22,40.68,40.12,40.15,43.05
14.62,14.77,19.28,15.9,13.62,12.1,12.15,12.73,9.1,9.1,8.19,8.77,8.13,7.82,8.77,8.38,9.85,10.86,11.9,12.22,11.2,11.57,9.75,10.08
20.47,20.58,24.07,22.88,23.17,21.54,19.48,18.32,19.39,17.83,17.03,19.03,18.9,19.93,18.68,19.87,20.75,22.1,20.07,20.97,20.59,19.28,18.65,16.98
28.98,27.85,29.58,27.12,27.0,27.78,28.15,24.44,22.83,20.72,21.45,21.13,20.28,20.38,22.25,21.43,27.43,26.71,30.43,28.42,27.8,27.63,24.8,22.12
1.3,1.27,1.18,1.35,1.33,1.56,1.31,1.55,1.57,1.45,1.48,1.53,1.27,5.93,22.63,25.75,27.17,2.32,1.25,1.37,1.32,1.32,1.32,1.35
16.8,15.13,18.48,15.98,15.7,14.93,15.05,14.03,16.07,12.95,12.75,14.78,13.03,13.18,11.63,13.72,11.3,14.51,12.53,12.65,11.65,12.32,12.72,12.8
12.87,13.29,12.46,12.05,10.82,9.47,9.15,9.35,7.59,7.42,7.6,7.63,7.9,7.97,6.57,6.92,7.37,8.38,9.37,7.92,9.87,9.13,10.52,12.62
22.1,20.2,20.58,19.28,18.68,21.97,19.42,18.28,16.98,16.27,14.2,15.37,12.53,14.31,14.48,14.1,15.9,14.9,14.7,15.07,16.97,16.58,16.23,19.65
32.59,32.16,31.78,29.97,27.02,26.33,24.68,23.92,22.12,20.37,22.54,22.2,21.73,24.4,26.28,26.88,31.83,33.19,30.97,33.75,33.11,31.22,27.53,26.33
18.77,17.38,18.3,19.48,18.93,17.83,18.25,17.4,17.19,16.52,15.9,17.45,16.15,16.25,16.1,17.67,17.83,16.71,16.85,17.33,18.8,18.48,19.38,21.32
21.78,24.0,25.38,24.05,20.15,19.97,19.58,20.93,16.68,14.93,15.38,18.68,15.83,16.98,25.02,32.42,27.3,28.53,20.43,26.78,25.07,23.23,22.23,18.98
28.42,27.68,29.3,27.8,28.15,23.44,22.67,22.98,21.95,22.1,21.73,22.67,20.45,20.3,18.38,21.67,21.55,24.8,23.0,21.73,23.97,28.23,27.46,26.02
59.2,59.35,60.42,52.87,49.48,56.63,57.37,49.33,43.57,42.64,41.0,42.52,41.68,37.72,37.72,41.45,46.35,50.51,59.27,53.65,58.77,52.19,49.12,59.12
24.08,26.23,26.0,25.95,23.8,20.85,20.43,17.3,19.0,20.82,19.77,18.67,19.18,18.17,25.03,23.32,20.22,19.46,17.88,15.92,21.22,20.8,18.58,19.23
18.57,19.35,21.43,22.97,21.13,20.02,19.53,17.27,16.47,13.68,15.43,14.7,16.13,12.63,12.18,12.95,13.5,14.1,13.88,13.9,13.03,14.4,15.6,18.33
34.82,34.47,35.92,35.0,35.78,29.49,27.25,28.75,32.05,25.32,27.0,31.2,28.88,27.53,23.0,25.92,27.23,23.34,24.38,27.0,29.22,26.27,29.18,32.15
24.35,22.57,23.93,15.3,18.71,14.41,16.17,16.08,16.48,19.72,14.62,14.88,15.32,13.83,14.67,15.43,15.51,16.07,17.85,16.23,16.28,15.37,14.95,12.65
22.97,24.88,23.8,22.95,21.87,18.51,19.27,18.72,19.98,19.92,18.3,17.87,16.12,14.93,18.83,17.39,15.42,17.41,15.45,17.02,17.53,20.32,22.73,18.48
34.9,28.98,28.41,24.02,21.97,20.2,18.92,14.22,14.57,12.8,14.05,12.88,12.53,12.47,13.92,16.5,22.95,26.3,19.32,20.02,24.03,21.22,31.85,31.18
27.2,28.59,31.07,27.58,29.23,29.08,26.33,24.17,23.7,24.7,19.68,19.3,17.6,18.75,19.15,18.35,22.27,23.63,25.77,25.15,26.83,27.98,30.73,27.52
37.33,50.62,45.7,46.23,38.67,30.47,26.23,32.85,22.33,21.17,21.98,20.54,22.72,18.25,14.2,15.92,21.12,20.98,21.7,18.67,23.05,17.05,22.53,26.81
36.23,32.92,35.4,34.92,30.13,29.15,28.53,23.64,20.77,19.43,18.82,22.1,21.08,17.9,18.6,18.98,20.85,22.34,21.48,22.63,24.28,27.07,31.92,34.02
12.2,14.36,12.7,13.57,13.73,12.24,10.68,11.13,8.58,8.1,7.95,7.72,7.77,7.47,7.58,7.56,8.08,9.1,9.27,9.18,9.82,9.3,11.52,11.73
26.23,27.38,27.31,26.83,25.87,22.61,22.4,22.83,22.42,23.08,23.02,21.12,22.82,22.38,27.31,27.57,27.68,28.97,31.2,31.03,29.57,27.95,29.53,30.25
13.15,13.31,13.33,12.4,13.86,12.64,10.77,12.18,11.92,16.93,12.46,8.63,12.27,10.64,11.98,10.52,13.55,15.05,13.6,10.88,10.43,10.5,8.48,6.87
27.73,27.13,28.87,31.27,28.15,26.42,23.9,24.83,23.03,22.54,23.33,24.4,24.05,25.07,22.93,24.25,27.52,25.88,24.23,23.82,29.15,26.76,24.87,26.28
51.93,52.88,56.98,51.32,53.43,45.53,47.65,42.78,38.0,37.42,31.93,32.87,29.82,31.9,27.27,31.18,32.68,37.64,39.83,47.23,50.13,48.77,46.62,53.6
9.55,10.02,9.93,11.67,9.38,8.85,8.55,7.85,7.15,7.13,7.63,7.51,7.54,7.63,7.1,7.12,8.3,7.85,7.27,9.2,7.92,8.8,8.02,10.92
32.2,35.48,37.93,40.27,36.22,37.78,34.28,32.98,30.57,29.33,26.4,27.58,27.82,26.28,30.15,24.63,24.45,27.95,28.83,28.98,32.88,33.0,33.28,31.63
21.93,21.64,24.63,23.33,21.05,19.14,18.67,18.22,19.35,18.52,18.23,16.98,15.05,15.32,13.27,13.68,14.78,14.46,14.32,13.87,17.23,16.75,17.85,22.38
28.88,29.58,32.58,32.15,25.88,25.98,25.52,24.37,22.05,21.7,21.63,21.92,21.53,20.0,21.03,21.65,21.45,22.56,25.33,25.73,26.58,29.48,25.12,24.02
79.03,76.57,77.59,73.27,69.8,70.22,67.8,65.92,65.07,60.92,61.27,53.43,48.9,54.78,46.67,53.68,55.68,58.87,61.67,64.57,73.83,81.87,69.63,79.48
32.48,28.93,37.02,33.98,30.77,31.1,29.56,31.8,27.6,28.32,23.55,23.25,23.97,22.38,23.07,25.33,25.62,28.37,36.71,33.15,31.87,30.78,35.02,31.65
18.56,19.12,19.8,18.65,19.61,18.12,16.6,17.92,18.08,15.73,17.75,18.86,18.64,17.79,18.63,20.03,21.63,24.25,20.15,22.52,25.02,16.77,14.53,16.66
24.58,24.52,27.3,26.03,26.75,26.05,26.1,24.52,24.37,25.59,23.53,23.95,23.35,22.73,20.93,23.18,22.93,23.75,23.05,24.22,25.6,29.05,28.95,26.6
14.73,15.45,16.25,16.12,15.86,13.39,13.43,11.91,11.27,10.9,9.88,9.97,10.02,10.32,11.25,11.43,11.63,12.07,12.95,13.57,14.28,14.3,15.18,16.2
21.59,22.8,26.02,24.17,23.47,22.92,20.98,17.77,18.18,16.6,15.22,12.8,13.47,12.82,12.75,15.53,14.23,15.19,17.2,18.12,21.55,21.47,19.53,20.12
56.15,57.27,61.45,60.98,53.12,57.1,59.53,58.22,52.55,49.83,48.62,48.95,44.53,43.78,40.65,43.17,43.98,51.88,61.82,54.85,62.3,64.75,62.68,60.53
18.88,19.95,19.72,35.25,20.32,15.88,15.8,14.08,12.18,10.35,9.07,10.13,9.7,10.83,9.53,10.3,11.07,12.15,12.8,12.65,18.43,14.17,15.58,21.9
22.72,22.83,25.95,22.05,24.02,22.86,21.5,20.95,16.37,15.73,14.87,14.23,16.25,16.33,16.46,15.73,19.72,19.42,19.98,22.8,23.37,24.15,21.93,20.0
14.15,14.78,15.37,15.02,14.27,13.03,13.02,13.11,11.38,10.27,11.21,10.7,10.65,9.4,10.24,11.03,12.07,12.82,13.0,13.38,12.68,11.88,11.28,14.3
16.0,16.28,18.0,17.07,17.67,14.66,14.95,12.0,10.39,10.51,9.9,9.81,10.17,9.97,9.83,9.39,9.35,9.46,10.62,10.23,13.15,12.13,12.83,12.75
40.1,43.33,48.9,48.18,47.13,45.46,46.3,43.67,37.53,38.15,35.88,30.68,36.45,32.68,40.52,41.97,42.75,40.2,39.53,44.33,47.12,41.69,37.4,58.1
24.85,27.55,30.15,27.85,26.63,26.71,25.13,25.82,24.15,22.25,21.28,20.53,20.27,19.82,20.35,22.1,22.54,23.64,25.83,27.5,28.95,30.63,29.92,30.25
11.33,11.37,12.58,11.95,10.72,10.98,11.05,10.57,10.17,9.2,8.82,8.63,9.1,9.34,8.23,8.08,9.58,8.37,8.57,9.24,9.78,10.72,10.97,10.15
62.67,54.42,54.7,44.13,48.13,42.58,39.18,30.5,30.07,32.6,31.45,30.8,40.52,40.48,35.92,33.08,38.53,46.27,38.47,49.28,46.4,44.1,36.13,37.68
16.42,17.37,17.78,19.3,17.72,17.68,17.63,16.68,14.45,15.83,12.88,11.45,10.82,10.4,12.0,11.9,12.7,13.61,14.53,13.93,15.43,16.97,17.92,18.45
34.59,35.05,36.65,35.62,36.87,31.76,32.1,30.57,27.22,26.03,24.72,20.88,19.31,19.52,19.7,20.4,22.27,23.53,25.65,25.05,24.22,23.47,26.23,28.4
20.83,21.83,22.68,23.43,26.72,21.63,20.44,17.93,17.78,16.83,18.02,14.32,14.8,13.92,14.33,14.93,13.9,19.22,20.37,19.35,16.83,19.62,18.97,17.77
11.62,12.0,13.78,13.58,12.65,12.29,10.08,10.23,8.53,9.37,8.62,6.73,8.1,6.68,7.38,9.02,8.93,9.67,9.7,8.73,9.48,9.62,10.4,10.23
32.15,30.33,33.97,35.73,37.17,35.49,33.03,37.38,29.25,25.1,26.7,24.55,25.98,25.9,24.7,4.83,1.29,14.15,26.08,24.85,27.02,27.22,31.13,28.23
13.22,12.98,12.92,13.55,12.72,11.69,10.85,10.2,9.02,9.47,9.72,8.95,8.98,8.27,8.53,8.95,10.75,9.71,12.35,10.9,12.9,13.75,14.08,11.56
68.9,73.0,70.88,66.33,64.33,55.34,56.38,53.67,47.43,48.1,56.29,34.8,37.65,34.92,35.83,44.38,45.3,47.53,46.33,50.1,55.6,58.13,47.47,56.08
19.85,20.67,21.33,22.5,20.5,19.56,17.82,17.92,15.68,13.22,16.05,12.7,11.88,12.57,14.37,14.3,15.12,15.88,15.12,14.88,14.27,14.13,16.03,19.42
17.93,21.92,23.8,23.03,21.43,20.41,21.2,18.33,17.1,16.47,15.57,10.82,10.72,10.78,11.43,13.5,13.28,13.97,13.3,14.03,14.78,14.13,21.1,19.05
15.7,17.6,17.93,17.38,17.13,17.19,16.7,16.6,15.85,15.4,15.12,17.47,15.68,13.92,13.42,14.65,15.57,15.97,16.35,17.2,16.8,17.22,19.95,19.02
18.37,18.48,20.4,19.02,19.54,16.41,17.33,15.82,14.8,14.5,13.67,14.4,15.7,13.0,12.7,12.33,13.37,15.47,16.2,16.85,14.92,18.4,17.78,19.0
78.25,75.15,81.78,78.37,79.32,83.75,80.45,80.82,73.68,76.37,53.85,72.17,53.2,46.37,48.5,52.3,53.68,53.76,56.38,56.65,54.45,56.03,81.58,88.73
36.83,30.92,31.3,30.73,29.63,30.42,29.67,29.83,29.57,28.33,29.1,28.55,29.13,28.15,29.77,29.28,27.61,26.93,27.08,26.72,29.48,30.72,29.6,30.7
21.03,21.43,23.0,23.08,20.8,20.47,20.93,20.67,16.92,15.81,17.06,14.65,11.82,11.75,14.11,15.46,18.97,19.02,18.54,19.68,18.35,21.95,27.85,25.71
12.3,15.28,14.77,15.08,15.22,14.8,14.82,11.52,9.87,8.82,8.33,9.47,7.82,9.17,9.65,10.55,10.63,10.73,11.35,12.97,11.98,11.75,9.87,12.95
22.2,24.72,27.42,28.5,26.82,25.81,23.18,23.13,21.34,21.53,19.72,18.28,20.05,17.47,16.35,19.07,20.57,23.05,22.08,23.13,23.14,25.17,25.65,27.4
14.1,14.02,15.82,15.97,16.43,15.68,14.88,15.14,15.07,13.25,11.68,10.3,11.93,11.95,12.42,13.4,13.27,13.44,14.28,13.47,13.2,15.48,14.7,16.68
27.07,25.78,26.8,26.82,27.87,26.39,23.69,21.98,23.32,23.22,19.95,19.98,17.97,19.12,18.53,18.7,20.27,20.25,21.63,21.2,24.42,25.77,25.42,27.68
32.58,35.3,38.92,39.58,36.45,36.39,31.1,29.28,29.5,27.3,24.93,23.72,19.28,20.43,21.15,23.23,24.25,23.63,21.73,23.55,24.93,25.08,25.78,33.02
33.17,37.53,39.22,37.08,38.12,31.56,30.08,27.53,24.8,25.5,26.56,25.02,24.52,25.97,27.1,29.73,31.7,29.73,28.83,30.23,37.18,34.17,31.2,35.5
36.35,39.77,41.37,42.18,40.43,34.63,33.3,33.5,35.33,34.98,39.5,36.27,36.7,41.52,42.78,48.6,49.08,44.98,47.55,48.1,46.83,47.88,47.83,36.42
20.57,20.53,20.27,21.08,21.42,16.36,16.05,17.15,16.27,14.17,13.8,14.63,13.55,13.29,12.85,14.55,14.28,14.71,15.05,14.47,15.77,15.27,18.13,20.43
51.07,46.58,38.72,32.35,29.62,26.44,22.73,22.75,21.85,18.72,19.7,17.12,18.38,20.57,24.68,22.88,25.18,27.47,29.63,32.05,35.1,36.53,39.3,34.51
12.3,13.37,13.77,15.6,15.73,13.12,10.63,10.43,10.18,10.35,9.24,8.42,8.33,8.3,8.27,8.63,9.42,9.75,11.0,10.77,14.97,16.07,14.49,13.73
21.77,24.58,25.77,23.23,25.58,25.8,24.95,25.73,22.63,20.1,19.13,20.43,20.7,22.07,22.73,25.47,28.1,28.46,25.5,26.68,25.9,27.18,27.27,23.73
22.23,21.67,22.28,23.08,22.48,21.46,17.88,18.53,18.78,17.18,16.63,16.85,15.9,14.98,16.9,16.63,16.33,18.92,15.63,17.81,16.95,16.92,17.78,16.63
28.43,28.32,30.6,31.05,31.23,28.31,24.75,26.45,26.93,28.12,26.57,29.47,28.43,23.48,23.18,25.22,26.45,25.2,27.37,26.02,27.93,29.15,31.18,28.23
14.07,15.18,16.1,16.93,15.85,15.37,14.58,12.22,9.75,9.77,9.7,8.3,8.97,8.37,8.6,8.87,9.64,9.85,9.43,8.78,8.87,10.07,12.9,13.33
24.35,24.05,24.2,26.53,24.8,22.53,20.47,20.33,19.05,17.73,18.17,17.37,18.17,18.47,20.2,20.92,18.55,19.93,19.3,18.97,23.42,22.64,23.78,26.23
12.15,13.75,15.3,14.6,13.5,12.34,11.98,12.45,11.87,11.57,10.95,10.5,22.63,23.07,19.7,15.77,21.85,21.97,22.8,22.67,14.38,11.35,10.82,10.58
19.32,21.07,18.58,15.8,16.38,13.24,13.5,13.18,13.58,14.0,13.03,12.21,12.42,12.3,12.08,11.35,16.36,15.63,14.68,16.05,15.86,16.32,16.22,17.6
27.57,28.02,28.54,26.87,27.57,21.36,25.0,23.18,22.37,24.2,24.63,24.08,22.95,20.44,21.98,23.35,22.9,24.14,23.0,23.4,25.32,27.72,33.53,31.77
16.77,17.48,16.95,17.43,16.0,14.75,15.03,13.97,13.3,13.42,11.72,12.58,12.37,10.47,10.97,11.32,11.33,12.39,13.55,15.7,16.75,15.85,15.58,17.6
21.63,21.43,24.53,21.55,20.5,20.0,18.37,16.83,16.97,16.95,15.83,15.98,15.18,14.1,13.6,13.6,14.67,16.8,15.68,15.73,19.59,17.62,18.88,19.93
13.6,13.0,15.13,14.33,14.77,13.12,12.78,11.9,13.08,11.13,10.28,11.03,10.43,11.52,10.38,10.67,11.4,12.29,12.86,12.23,11.63,14.75,15.02,14.73
24.62,25.58,28.65,27.15,27.31,25.02,23.25,23.07,19.5,21.42,23.22,22.77,21.67,21.62,22.6,20.22,20.81,20.8,19.4,20.97,21.57,26.05,29.8,28.95
66.9,75.7,78.42,76.8,67.03,68.46,67.18,67.97,60.63,56.58,50.77,54.85,52.08,49.5,48.63,49.73,63.08,60.17,62.48,63.23,64.72,68.17,58.17,68.12
16.35,17.17,19.9,18.07,17.43,17.19,14.47,13.42,15.07,14.52,15.08,13.43,13.12,13.75,15.13,14.18,14.47,14.53,14.53,15.47,16.73,16.77,17.32,16.63
25.3,25.55,27.0,26.93,26.52,25.51,23.72,23.64,22.05,22.65,21.75,23.02,23.52,25.5,27.03,27.3,28.92,27.37,27.38,26.08,26.32,25.2,23.3,26.33
27.55,28.1,29.64,32.25,32.21,29.67,27.82,25.51,24.45,23.82,25.04,24.02,23.5,22.88,23.82,25.0,24.14,23.82,25.27,26.03,27.33,27.17,28.28,32.52
25.85,25.5,27.64,27.13,27.65,25.92,23.15,23.32,24.02,23.38,22.23,20.52,19.82,21.78,21.34,21.47,21.55,22.0,23.6,23.58,26.65,28.58,29.0,29.85
60.54,63.57,63.73,59.3,60.3,56.34,52.8,52.47,47.78,42.37,38.65,37.57,38.97,32.1,32.13,42.78,41.47,37.69,40.63,41.22,37.2,48.2,52.15,53.78
1.38,1.28,1.23,1.75,1.6,1.49,1.35,1.5,1.67,1.27,1.58,1.13,1.74,15.9,37.73,38.75,40.38,37.53,39.13,42.58,37.33,19.4,2.07,1.47
25.97,29.75,28.82,24.35,25.02,23.49,23.88,24.2,21.68,22.32,16.47,16.77,17.51,16.97,15.57,18.18,17.55,21.88,20.43,19.48,17.85,22.37,22.62,24.77
30.98,32.37,33.98,34.42,32.88,31.32,27.77,28.63,25.62,23.55,26.23,25.18,24.15,23.03,24.82,24.41,24.22,27.39,28.88,29.4,33.1,31.23,33.83,32.92
29.53,28.63,30.25,30.42,32.35,30.15,24.75,21.58,23.58,25.35,23.48,25.33,24.87,25.36,19.5,21.13,19.53,20.98,21.72,20.17,20.98,27.63,30.22,28.1
51.92,49.42,47.87,51.19,47.9,46.08,38.73,39.43,33.1,28.18,26.53,31.38,27.68,29.2,29.55,30.49,29.58,33.61,37.9,34.0,36.47,37.0,38.88,39.82
13.81,11.47,7.88,9.55,10.35,7.29,7.23,7.03,5.35,6.43,5.47,5.35,4.55,5.8,5.9,8.23,6.23,7.86,6.15,5.77,8.83,7.93,7.4,7.78
24.82,25.02,25.67,25.73,24.72,23.14,23.92,23.37,22.31,21.6,22.47,20.73,22.1,21.22,22.92,23.17,21.75,20.59,22.5,18.42,20.49,22.22,22.67,22.77
29.5,26.45,32.13,32.31,29.98,29.36,29.42,27.55,28.38,26.15,26.0,21.38,21.6,21.37,21.0,22.8,23.27,23.83,27.15,29.1,27.73,30.05,33.32,30.57
29.32,29.53,33.7,31.37,30.23,27.22,21.9,18.88,17.15,15.93,14.12,16.07,14.35,15.48,15.95,15.1,16.13,18.67,22.25,21.2,19.8,20.85,19.97,17.15
37.75,38.95,40.17,43.07,38.63,35.85,34.32,32.9,34.57,38.27,37.42,32.97,32.65,30.57,35.87,36.38,36.25,31.98,33.3,37.23,39.33,39.19,41.32,41.17
34.12,36.05,34.57,30.42,33.8,28.47,27.18,27.47,29.88,28.37,31.33,28.47,28.78,28.77,27.65,28.07,27.75,28.5,25.92,28.65,32.15,31.55,36.48,34.08
23.75,23.33,25.38,23.28,23.5,22.73,23.24,17.97,18.33,18.42,16.03,14.83,14.27,14.32,16.45,15.68,17.15,19.47,19.8,22.95,23.07,23.8,26.72,21.92
13.3,13.22,14.6,14.48,13.55,13.71,13.7,13.83,12.78,12.45,11.86,12.45,12.45,11.75,13.75,13.65,14.08,15.0,16.07,16.43,15.68,16.4,16.81,16.8
10.66,12.27,11.15,10.43,10.44,8.98,9.28,9.25,8.28,9.08,9.47,9.53,8.15,7.27,7.08,7.58,7.33,7.93,8.17,7.53,7.68,8.85,8.9,9.37
18.9,19.43,17.52,17.88,17.68,16.1,14.67,14.07,12.85,12.93,12.88,13.27,12.87,12.28,11.75,11.37,12.14,10.46,12.62,11.65,16.08,15.17,15.28,19.12
64.55,62.18,61.12,66.79,70.0,59.34,61.5,48.95,57.95,53.97,57.95,55.63,57.75,52.27,63.87,56.18,68.53,62.1,63.2,61.95,69.28,68.22,67.63,77.45
30.82,28.7,31.3,31.82,31.23,29.02,24.57,23.22,28.73,28.45,27.47,25.97,28.53,27.83,30.48,28.18,31.03,30.37,30.92,32.22,33.7,34.18,33.93,34.67
18.85,19.6,22.02,22.8,21.98,20.31,18.02,17.93,18.4,14.22,15.5,17.25,15.77,19.57,21.85,25.08,24.23,24.32,23.6,23.78,24.85,24.97,23.13,24.17
40.27,39.38,40.67,44.42,38.38,34.71,34.72,29.54,26.43,23.4,24.68,24.03,21.1,19.15,19.28,23.23,23.45,24.08,24.63,26.23,30.87,29.6,33.42,33.9
32.05,33.72,35.58,32.67,30.95,29.51,26.49,22.98,22.93,18.32,25.82,25.48,19.57,17.4,17.32,15.83,16.68,19.88,23.53,28.3,27.83,25.42,23.82,25.37
15.81,16.08,17.15,17.35,15.82,14.36,13.27,14.13,13.08,13.3,12.98,12.07,12.85,13.42,13.18,12.58,12.53,13.34,14.75,16.37,17.73,18.78,17.31,16.68
25.52,29.17,30.42,26.48,23.92,25.22,25.62,24.87,21.63,19.42,17.81,19.02,17.12,13.78,15.85,15.53,20.5,19.69,20.35,22.32,23.52,26.92,28.69,24.62
14.43,14.78,15.27,15.05,15.35,15.25,14.6,14.07,14.93,9.58,10.88,10.27,10.62,10.3,11.0,10.83,11.2,11.17,9.9,9.57,11.08,13.57,14.95,14.83
24.63,22.88,26.08,27.05,21.48,20.02,21.7,20.62,22.15,19.07,18.22,17.52,16.02,17.27,18.85,19.08,21.28,21.9,22.55,20.7,23.05,19.58,23.4,26.38
20.82,19.55,21.13,21.62,20.55,18.56,18.42,17.15,17.03,18.02,15.27,16.15,17.12,17.03,16.25,16.6,16.03,15.9,17.66,17.48,19.32,21.33,21.97,19.13
45.58,44.23,47.33,46.03,44.2,43.86,47.52,44.42,43.03,40.85,38.6,39.65,30.88,30.7,29.38,33.18,32.92,35.43,37.78,40.08,38.55,42.22,45.08,46.18
15.77,15.83,17.18,17.65,17.46,15.03,12.92,13.35,12.07,13.12,12.71,12.57,19.23,23.88,16.87,15.3,14.18,23.8,24.83,23.78,26.22,20.32,14.41,16.25
21.61,23.17,22.0,23.17,20.65,18.54,19.77,19.77,19.6,18.62,19.72,18.27,19.72,16.72,17.75,19.56,21.93,24.85,25.25,23.63,24.95,20.77,20.28,20.23
49.45,49.98,50.75,48.82,54.85,46.25,40.6,41.22,38.52,39.18,35.98,34.47,20.62,15.18,18.78,18.83,19.52,18.2,17.07,16.1,20.62,27.87,45.83,49.75
14.77,15.8,20.92,23.97,30.5,22.39,18.0,18.58,20.9,21.53,18.65,18.83,16.72,20.67,24.83,27.23,27.88,24.44,24.02,23.9,24.12,20.48,19.85,23.72
11.67,11.97,14.55,14.78,13.3,11.81,11.51,9.83,10.33,11.05,10.3,9.51,10.58,10.83,9.52,8.88,8.78,9.22,10.55,9.88,10.15,9.45,9.77,11.63
13.27,13.75,15.2,15.25,14.08,12.49,12.88,11.53,11.82,11.68,10.71,10.95,10.63,11.78,10.18,8.55,9.42,9.81,8.62,9.98,10.83,13.12,12.78,13.48
23.1,25.17,25.68,24.22,23.62,25.49,25.0,25.57,25.35,23.68,23.28,22.77,23.38,26.38,32.15,22.68,22.57,22.78,21.68,21.27,27.4,26.97,26.35,27.8
8.65,9.53,9.55,10.57,8.13,8.05,7.87,7.45,8.05,8.07,7.47,6.65,6.9,6.83,6.37,6.07,7.48,8.81,7.05,7.58,8.03,9.18,7.57,9.32
20.42,20.75,22.15,21.82,21.15,18.25,19.37,16.72,17.85,17.78,16.53,16.4,17.37,17.63,18.73,18.85,19.22,19.93,20.75,20.33,21.44,21.83,21.57,21.92
27.18,28.57,33.02,32.47,32.88,32.64,24.73,27.17,26.08,24.35,24.17,25.75,26.27,23.33,24.68,26.47,26.85,25.59,24.3,25.92,26.4,23.82,23.05,23.43
40.67,43.7,41.08,42.75,40.37,37.08,34.43,34.23,30.47,31.48,33.88,31.9,32.03,32.13,36.83,38.82,41.17,42.73,41.15,43.05,43.3,43.68,45.05,42.34
26.72,25.35,25.83,23.87,23.4,23.44,23.13,22.25,24.43,22.39,18.47,20.97,18.05,16.62,16.78,18.47,21.52,23.17,23.48,23.02,21.88,25.69,26.52,29.12
25.97,27.93,30.18,32.57,32.37,28.63,26.62,20.83,20.13,18.92,17.38,18.72,17.6,18.45,22.45,22.0,23.65,24.29,24.92,24.77,24.95,32.15,27.42,24.33
22.93,20.48,24.15,23.5,22.51,22.53,21.83,19.2,15.98,15.97,14.77,12.48,13.25,14.83,17.72,14.37,14.41,19.34,19.68,21.22,18.73,19.45,23.43,18.38
23.17,21.62,23.3,23.19,19.17,21.12,18.08,15.43,16.57,15.75,16.25,15.0,14.73,14.83,16.0,15.88,17.08,17.2,19.43,20.15,20.18,21.65,20.72,18.08
23.17,23.85,27.1,25.38,24.18,20.12,18.62,18.13,15.0,12.26,12.38,12.24,11.5,12.44,13.28,12.69,16.82,25.19,18.32,18.4,21.18,23.18,19.93,19.14
